{
  "lot": { "width": 100, "height": 100 },
  "entrance": [23.333333333333336, 20],
  "inner": {
    "x_min": 23.333333333333336,
    "x_max": 76.66666666666667,
    "y_min": 20,
    "y_max": 80
  },
  "obstacle": {
    "x_min": 43.333333333333336,
    "x_max": 56.66666666666667,
    "y_min": 26.666666666666668,
    "y_max": 73.33333333333334
  },
  "buildings": [
    [26.666666666666668, 90],
    [50, 90],
    [73.33333333333334, 90],
    [50, 10],
    [73.33333333333334, 10],
    [10, 26.666666666666668],
    [10, 50],
    [10, 73.33333333333334],
    [90, 26.666666666666668],
    [90, 50],
    [90, 73.33333333333334]
  ],
  "slots": [
    [25.883333333333336, 27.866666666666667],
    [74.11666666666667, 27.866666666666667],
    [25.883333333333336, 36.72],
    [74.11666666666667, 36.72],
    [25.883333333333336, 45.57333333333334],
    [74.11666666666667, 45.57333333333334],
    [25.883333333333336, 54.42666666666668],
    [74.11666666666667, 54.42666666666668],
    [25.883333333333336, 63.28000000000001],
    [74.11666666666667, 63.28000000000001],
    [25.883333333333336, 72.13333333333334],
    [74.11666666666667, 72.13333333333334]
  ],
  "n_veh": 12,
  "vehicle_destinations": [0, 1, 2, 3, 4, 5, 6, 7, 8, 9, 10, 0],
  "pso": {
    "n_particles": 40,
    "n_iter": 600,
    "w": 0.7,
    "c1": 1.5,
    "c2": 1.5,
    "v_max": 0.25
  },
  "constraints": {
    "snap_slots_to_inner_road": true,
    "snap_entrance_to_inner": true
  },
  "display": {
    "length_unit": "m",
    "time_unit": "s",
    "scale_bar_m": 20,
    "coord_note": "平面坐标 1 单位 = 1 m"
  }
}
